[{"pk": 1, "model": "cms.placeholder", "fields": {"slot": "right-column", "default_width": null}}, {"pk": 2, "model": "cms.placeholder", "fields": {"slot": "body", "default_width": null}}, {"pk": 3, "model": "cms.placeholder", "fields": {"slot": "right-column", "default_width": null}}, {"pk": 4, "model": "cms.placeholder", "fields": {"slot": "body", "default_width": null}}, {"pk": 5, "model": "cms.placeholder", "fields": {"slot": "right-column", "default_width": null}}, {"pk": 6, "model": "cms.placeholder", "fields": {"slot": "body", "default_width": null}}, {"pk": 7, "model": "cms.placeholder", "fields": {"slot": "right-column", "default_width": null}}, {"pk": 8, "model": "cms.placeholder", "fields": {"slot": "body", "default_width": null}}, {"pk": 9, "model": "cms.placeholder", "fields": {"slot": "right-column", "default_width": null}}, {"pk": 10, "model": "cms.placeholder", "fields": {"slot": "body", "default_width": null}}, {"pk": 11, "model": "cms.placeholder", "fields": {"slot": "right-column", "default_width": null}}, {"pk": 12, "model": "cms.placeholder", "fields": {"slot": "body", "default_width": null}}, {"pk": 13, "model": "cms.placeholder", "fields": {"slot": "right-column", "default_width": null}}, {"pk": 14, "model": "cms.placeholder", "fields": {"slot": "body", "default_width": null}}, {"pk": 15, "model": "cms.placeholder", "fields": {"slot": "right-column", "default_width": null}}, {"pk": 16, "model": "cms.placeholder", "fields": {"slot": "body", "default_width": null}}, {"pk": 17, "model": "cms.placeholder", "fields": {"slot": "right-column", "default_width": null}}, {"pk": 18, "model": "cms.placeholder", "fields": {"slot": "body", "default_width": null}}, {"pk": 19, "model": "cms.placeholder", "fields": {"slot": "right-column", "default_width": null}}, {"pk": 20, "model": "cms.placeholder", "fields": {"slot": "body", "default_width": null}}, {"pk": 1, "model": "cms.page", "fields": {"rght": 20, "navigation_extenders": null, "site": 1, "creation_date": "2011-03-06 10:03:05", "lft": 1, "in_navigation": true, "reverse_id": null, "login_required": false, "created_by": "script", "publication_end_date": null, "moderator_state": 0, "template": "nav_playground.html", "tree_id": 1, "placeholders": [1, 2], "changed_date": "2011-03-06 10:03:05", "limit_visibility_in_menu": null, "parent": null, "publisher_state": 1, "soft_root": false, "publication_date": "2011-03-06 10:03:05", "publisher_public": null, "level": 0, "changed_by": "script", "publisher_is_draft": true, "published": true}}, {"pk": 2, "model": "cms.page", "fields": {"rght": 19, "navigation_extenders": null, "site": 1, "creation_date": "2011-03-06 10:03:06", "lft": 2, "in_navigation": true, "reverse_id": null, "login_required": false, "created_by": "script", "publication_end_date": null, "moderator_state": 0, "template": "nav_playground.html", "tree_id": 1, "placeholders": [3, 4], "changed_date": "2011-03-06 10:03:06", "limit_visibility_in_menu": null, "parent": 1, "publisher_state": 1, "soft_root": false, "publication_date": "2011-03-06 10:03:06", "publisher_public": null, "level": 1, "changed_by": "script", "publisher_is_draft": true, "published": true}}, {"pk": 3, "model": "cms.page", "fields": {"rght": 12, "navigation_extenders": null, "site": 1, "creation_date": "2011-03-06 10:03:07", "lft": 3, "in_navigation": true, "reverse_id": null, "login_required": false, "created_by": "script", "publication_end_date": null, "moderator_state": 0, "template": "nav_playground.html", "tree_id": 1, "placeholders": [5, 6], "changed_date": "2011-03-06 10:03:07", "limit_visibility_in_menu": null, "parent": 2, "publisher_state": 1, "soft_root": false, "publication_date": "2011-03-06 10:03:07", "publisher_public": null, "level": 2, "changed_by": "script", "publisher_is_draft": true, "published": true}}, {"pk": 4, "model": "cms.page", "fields": {"rght": 9, "navigation_extenders": null, "site": 1, "creation_date": "2011-03-06 10:03:07", "lft": 4, "in_navigation": true, "reverse_id": null, "login_required": false, "created_by": "script", "publication_end_date": null, "moderator_state": 0, "template": "nav_playground.html", "tree_id": 1, "placeholders": [7, 8], "changed_date": "2011-03-06 10:03:07", "limit_visibility_in_menu": null, "parent": 3, "publisher_state": 1, "soft_root": false, "publication_date": "2011-03-06 10:03:07", "publisher_public": null, "level": 3, "changed_by": "script", "publisher_is_draft": true, "published": true}}, {"pk": 5, "model": "cms.page", "fields": {"rght": 8, "navigation_extenders": null, "site": 1, "creation_date": "2011-03-06 10:03:08", "lft": 5, "in_navigation": true, "reverse_id": null, "login_required": false, "created_by": "script", "publication_end_date": null, "moderator_state": 0, "template": "nav_playground.html", "tree_id": 1, "placeholders": [9, 10], "changed_date": "2011-03-06 10:03:08", "limit_visibility_in_menu": null, "parent": 4, "publisher_state": 1, "soft_root": false, "publication_date": "2011-03-06 10:03:08", "publisher_public": null, "level": 4, "changed_by": "script", "publisher_is_draft": true, "published": true}}, {"pk": 6, "model": "cms.page", "fields": {"rght": 7, "navigation_extenders": null, "site": 1, "creation_date": "2011-03-06 10:03:08", "lft": 6, "in_navigation": true, "reverse_id": null, "login_required": false, "created_by": "script", "publication_end_date": null, "moderator_state": 0, "template": "nav_playground.html", "tree_id": 1, "placeholders": [11, 12], "changed_date": "2011-03-06 10:03:08", "limit_visibility_in_menu": null, "parent": 5, "publisher_state": 1, "soft_root": false, "publication_date": "2011-03-06 10:03:08", "publisher_public": null, "level": 5, "changed_by": "script", "publisher_is_draft": true, "published": true}}, {"pk": 7, "model": "cms.page", "fields": {"rght": 11, "navigation_extenders": null, "site": 1, "creation_date": "2011-03-06 10:03:09", "lft": 10, "in_navigation": true, "reverse_id": null, "login_required": false, "created_by": "script", "publication_end_date": null, "moderator_state": 0, "template": "nav_playground.html", "tree_id": 1, "placeholders": [13, 14], "changed_date": "2011-03-06 10:03:09", "limit_visibility_in_menu": null, "parent": 3, "publisher_state": 1, "soft_root": false, "publication_date": "2011-03-06 10:03:09", "publisher_public": null, "level": 3, "changed_by": "script", "publisher_is_draft": true, "published": true}}, {"pk": 8, "model": "cms.page", "fields": {"rght": 18, "navigation_extenders": null, "site": 1, "creation_date": "2011-03-06 10:03:10", "lft": 13, "in_navigation": true, "reverse_id": null, "login_required": false, "created_by": "script", "publication_end_date": null, "moderator_state": 0, "template": "nav_playground.html", "tree_id": 1, "placeholders": [15, 16], "changed_date": "2011-03-06 10:03:10", "limit_visibility_in_menu": null, "parent": 2, "publisher_state": 1, "soft_root": false, "publication_date": "2011-03-06 10:03:10", "publisher_public": null, "level": 2, "changed_by": "script", "publisher_is_draft": true, "published": true}}, {"pk": 9, "model": "cms.page", "fields": {"rght": 15, "navigation_extenders": null, "site": 1, "creation_date": "2011-03-06 10:03:10", "lft": 14, "in_navigation": true, "reverse_id": null, "login_required": false, "created_by": "script", "publication_end_date": null, "moderator_state": 0, "template": "nav_playground.html", "tree_id": 1, "placeholders": [17, 18], "changed_date": "2011-03-06 10:03:10", "limit_visibility_in_menu": null, "parent": 8, "publisher_state": 1, "soft_root": false, "publication_date": "2011-03-06 10:03:10", "publisher_public": null, "level": 3, "changed_by": "script", "publisher_is_draft": true, "published": true}}, {"pk": 10, "model": "cms.page", "fields": {"rght": 17, "navigation_extenders": null, "site": 1, "creation_date": "2011-03-06 10:03:11", "lft": 16, "in_navigation": true, "reverse_id": null, "login_required": false, "created_by": "script", "publication_end_date": null, "moderator_state": 0, "template": "nav_playground.html", "tree_id": 1, "placeholders": [19, 20], "changed_date": "2011-03-06 10:03:11", "limit_visibility_in_menu": null, "parent": 8, "publisher_state": 1, "soft_root": false, "publication_date": "2011-03-06 10:03:11", "publisher_public": null, "level": 3, "changed_by": "script", "publisher_is_draft": true, "published": true}}, {"pk": 1, "model": "cms.title", "fields": {"menu_title": null, "redirect": null, "meta_keywords": null, "page_title": null, "language": "en", "title": "top", "has_url_overwrite": false, "application_urls": null, "creation_date": "2011-03-06 10:03:06", "page": 1, "path": "top", "meta_description": null, "slug": "top"}}, {"pk": 2, "model": "cms.title", "fields": {"menu_title": null, "redirect": null, "meta_keywords": null, "page_title": null, "language": "en", "title": "root", "has_url_overwrite": false, "application_urls": null, "creation_date": "2011-03-06 10:03:06", "page": 2, "path": "top/root", "meta_description": null, "slug": "root"}}, {"pk": 3, "model": "cms.title", "fields": {"menu_title": null, "redirect": null, "meta_keywords": null, "page_title": null, "language": "en", "title": "aaa", "has_url_overwrite": false, "application_urls": null, "creation_date": "2011-03-06 10:03:07", "page": 3, "path": "top/root/aaa", "meta_description": null, "slug": "aaa"}}, {"pk": 4, "model": "cms.title", "fields": {"menu_title": null, "redirect": null, "meta_keywords": null, "page_title": null, "language": "en", "title": "111", "has_url_overwrite": false, "application_urls": null, "creation_date": "2011-03-06 10:03:08", "page": 4, "path": "top/root/aaa/111", "meta_description": null, "slug": "111"}}, {"pk": 5, "model": "cms.title", "fields": {"menu_title": null, "redirect": null, "meta_keywords": null, "page_title": null, "language": "en", "title": "ccc", "has_url_overwrite": false, "application_urls": null, "creation_date": "2011-03-06 10:03:08", "page": 5, "path": "top/root/aaa/111/ccc", "meta_description": null, "slug": "ccc"}}, {"pk": 6, "model": "cms.title", "fields": {"menu_title": null, "redirect": null, "meta_keywords": null, "page_title": null, "language": "en", "title": "ddd", "has_url_overwrite": false, "application_urls": null, "creation_date": "2011-03-06 10:03:09", "page": 6, "path": "top/root/aaa/111/ccc/ddd", "meta_description": null, "slug": "ddd"}}, {"pk": 7, "model": "cms.title", "fields": {"menu_title": null, "redirect": null, "meta_keywords": null, "page_title": null, "language": "en", "title": "222", "has_url_overwrite": false, "application_urls": null, "creation_date": "2011-03-06 10:03:09", "page": 7, "path": "top/root/aaa/222", "meta_description": null, "slug": "222"}}, {"pk": 8, "model": "cms.title", "fields": {"menu_title": null, "redirect": null, "meta_keywords": null, "page_title": null, "language": "en", "title": "bbb", "has_url_overwrite": false, "application_urls": null, "creation_date": "2011-03-06 10:03:10", "page": 8, "path": "top/root/bbb", "meta_description": null, "slug": "bbb"}}, {"pk": 9, "model": "cms.title", "fields": {"menu_title": null, "redirect": null, "meta_keywords": null, "page_title": null, "language": "en", "title": "333", "has_url_overwrite": false, "application_urls": null, "creation_date": "2011-03-06 10:03:11", "page": 9, "path": "top/root/bbb/333", "meta_description": null, "slug": "333"}}, {"pk": 10, "model": "cms.title", "fields": {"menu_title": null, "redirect": null, "meta_keywords": null, "page_title": null, "language": "en", "title": "444", "has_url_overwrite": false, "application_urls": null, "creation_date": "2011-03-06 10:03:11", "page": 10, "path": "top/root/bbb/444", "meta_description": null, "slug": "444"}}]